{"cameraMode":{"drawMode":0,"name":"Shaded","section":"Shading Mode"},"sceneLighting":false,"audioPlay":false,"sceneViewState":{"m_AlwaysRefresh":false,"showFog":true,"showSkybox":false,"showFlares":true,"showImageEffects":true,"showParticleSystems":true,"showVisualEffectGraphs":true,"m_FxEnabled":true},"in2DMode":false,"pivot":{"x":15.62450885772705,"y":7.5798773765563969,"z":57.042625427246097},"rotation":{"x":-0.27537456154823305,"y":-0.5631653666496277,"z":0.20639395713806153,"w":-0.7513107061386108},"size":0.8660253882408142,"orthographic":false}